"ALIANZA PROGRESISTAS","507","IGUALDAD Y DECENCIA","BUENOS AIRES","PARLAMENTARIO MERCOSUR DISTRITO REGIONAL TITULAR","GOLDMANN, LUIS BERNARDO","2"
"GEN","69","F - UNIDAD","LA PAMPA","SENADOR NACIONAL TITULAR","FRITZ, ANA LIA","2"
"COMUNISTA","12","","LA RIOJA","DIPUTADO NACIONAL TITULAR","DE LEONARDI, ROGELIO","1"
"COMUNISTA","12","","LA RIOJA","DIPUTADO NACIONAL TITULAR","MARTINEZ, BEATRIZ DEL VALLE","2"
"COMUNISTA","12","","LA RIOJA","DIPUTADO NACIONAL TITULAR","GALVAN, HUGO NICOLAS","3"
"COMUNISTA","12","","LA RIOJA","DIPUTADO NACIONAL SUPLENTE","REINOSO, MARIA ELISA","1"
"COMUNISTA","12","","LA RIOJA","DIPUTADO NACIONAL SUPLENTE","GONZALEZ, NOELIA LIDELVA","2"
"COMUNISTA","12","","LA RIOJA","DIPUTADO NACIONAL SUPLENTE","MARCIAL, CARLOS FRANCISCO","3"
"COMUNISTA","12","","LA RIOJA","PARLAMENTARIO MERCOSUR DISTRITO REGIONAL TITULAR","SALAYA, JOSE MARIO","1"
"COMUNISTA","12","","LA RIOJA","PARLAMENTARIO MERCOSUR DISTRITO REGIONAL SUPLENTE","ABALLAY, TERESA HILDA","1"
"COMUNISTA","12","","LA RIOJA","PARLAMENTARIO MERCOSUR DISTRITO REGIONAL SUPLENTE","FARIA, DARIO PABLO","2"
"MOVIMIENTO AL SOCIALISMO","13","SoB","LA RIOJA","DIPUTADO NACIONAL TITULAR","GIROMINI, JOSE GABRIEL","1"
"MOVIMIENTO AL SOCIALISMO","13","SoB","LA RIOJA","DIPUTADO NACIONAL TITULAR","TINEO SORIA, JOSEFINA","2"
"MOVIMIENTO AL SOCIALISMO","13","SoB","LA RIOJA","DIPUTADO NACIONAL TITULAR","RIZO, CIELO CECILIA","3"
"MOVIMIENTO AL SOCIALISMO","13","SoB","LA RIOJA","DIPUTADO NACIONAL SUPLENTE","RECABARREN, ORLANDO NICOLAS","1"
"MOVIMIENTO AL SOCIALISMO","13","SoB","LA RIOJA","DIPUTADO NACIONAL SUPLENTE","CORDOBA, MARIANA SOLEDAD","2"
"MOVIMIENTO AL SOCIALISMO","13","SoB","LA RIOJA","DIPUTADO NACIONAL SUPLENTE","SANCHEZ, SILVIA LILIANA","3"
"MOVIMIENTO AL SOCIALISMO","13","SoB","LA RIOJA","PARLAMENTARIO MERCOSUR DISTRITO REGIONAL TITULAR","ABARCA GRANILLO FERNANDEZ, MARIA PAULA","1"
"MOVIMIENTO AL SOCIALISMO","13","SoB","LA RIOJA","PARLAMENTARIO MERCOSUR DISTRITO REGIONAL SUPLENTE","BRIZUELA, MARTIN ALEJANDRO","1"
"MOVIMIENTO AL SOCIALISMO","13","SoB","LA RIOJA","PARLAMENTARIO MERCOSUR DISTRITO REGIONAL SUPLENTE","ROMERO, GABRIELA","2"
"ALIANZA FRENTE PARA LA VICTORIA","501","FRENTE PARA LA VICTORIA RIOJANO","LA RIOJA","DIPUTADO NACIONAL TITULAR","HERRERA, LUIS BEDER","1"
"ALIANZA FRENTE PARA LA VICTORIA","501","FRENTE PARA LA VICTORIA RIOJANO","LA RIOJA","DIPUTADO NACIONAL TITULAR","HERRERA, GRISELDA NOEMI","2"
"ALIANZA FRENTE PARA LA VICTORIA","501","FRENTE PARA LA VICTORIA RIOJANO","LA RIOJA","DIPUTADO NACIONAL TITULAR","QUINTELA, RICARDO CLEMENTE","3"
"ALIANZA FRENTE PARA LA VICTORIA","501","FRENTE PARA LA VICTORIA RIOJANO","LA RIOJA","DIPUTADO NACIONAL SUPLENTE","SAUL, CLAUDIO NICOLAS","1"
"ALIANZA FRENTE PARA LA VICTORIA","501","FRENTE PARA LA VICTORIA RIOJANO","LA RIOJA","DIPUTADO NACIONAL SUPLENTE","PEDRALI, GABRIELA","2"
"ALIANZA FRENTE PARA LA VICTORIA","501","FRENTE PARA LA VICTORIA RIOJANO","LA RIOJA","DIPUTADO NACIONAL SUPLENTE","MACHICOTE, HAYDEE SILVIA","3"
"ALIANZA FRENTE PARA LA VICTORIA","501","FRENTE PARA LA VICTORIA RIOJANO","LA RIOJA","PARLAMENTARIO MERCOSUR DISTRITO REGIONAL TITULAR","TINEO, JAVIER HECTOR","1"
"ALIANZA FRENTE PARA LA VICTORIA","501","FRENTE PARA LA VICTORIA RIOJANO","LA RIOJA","PARLAMENTARIO MERCOSUR DISTRITO REGIONAL SUPLENTE","OVIEDO, ALEJANDRA BEATRIZ","1"
"ALIANZA FRENTE PARA LA VICTORIA","501","FRENTE PARA LA VICTORIA RIOJANO","LA RIOJA","PARLAMENTARIO MERCOSUR DISTRITO REGIONAL SUPLENTE","VANNI, SANDRA INES","2"
"ALIANZA CAMBIEMOS","502","FUERZA CIVICA RIOJANA","LA RIOJA","DIPUTADO NACIONAL TITULAR","OLIVARES, HECTOR ENRIQUE","1"
"ALIANZA CAMBIEMOS","502","FUERZA CIVICA RIOJANA","LA RIOJA","DIPUTADO NACIONAL TITULAR","MOLINA, KARINA ALEJANDRA","2"
"ALIANZA CAMBIEMOS","502","FUERZA CIVICA RIOJANA","LA RIOJA","DIPUTADO NACIONAL TITULAR","MORETTI, JOSE LUIS","3"
"ALIANZA CAMBIEMOS","502","FUERZA CIVICA RIOJANA","LA RIOJA","DIPUTADO NACIONAL SUPLENTE","BILMEZIS, HORACIO RAFAEL","1"
"ALIANZA CAMBIEMOS","502","FUERZA CIVICA RIOJANA","LA RIOJA","DIPUTADO NACIONAL SUPLENTE","RIVERO, MARIA RITA DE LOS ANGELES","2"
"ALIANZA CAMBIEMOS","502","FUERZA CIVICA RIOJANA","LA RIOJA","DIPUTADO NACIONAL SUPLENTE","BRIGIDO, ALFREDO HORACIO","3"
"ALIANZA CAMBIEMOS","502","FUERZA CIVICA RIOJANA","LA RIOJA","PARLAMENTARIO MERCOSUR DISTRITO REGIONAL TITULAR","CRABBE, MARCELA ALEJANDRA","1"
"ALIANZA CAMBIEMOS","502","FUERZA CIVICA RIOJANA","LA RIOJA","PARLAMENTARIO MERCOSUR DISTRITO REGIONAL TITULAR","TORRES, EDUARDO LEANDRO","1"
"ALIANZA CAMBIEMOS","502","FUERZA CIVICA RIOJANA","LA RIOJA","PARLAMENTARIO MERCOSUR DISTRITO REGIONAL TITULAR","ORDAS, ADRIANA MARCELA","2"
"ALIANZA FRENTE DE IZQUIERDA Y DE LOS TRABAJADORES","503","2U - UNIDAD","LA RIOJA","DIPUTADO NACIONAL TITULAR","GOYCOCHEA, ANA CAROLINA DEL CARMEN","1"
"ALIANZA FRENTE DE IZQUIERDA Y DE LOS TRABAJADORES","503","2U - UNIDAD","LA RIOJA","DIPUTADO NACIONAL TITULAR","CARRIZO, PEDRO JOSE","2"
"ALIANZA FRENTE DE IZQUIERDA Y DE LOS TRABAJADORES","503","2U - UNIDAD","LA RIOJA","DIPUTADO NACIONAL TITULAR","PAVON, HORACIO","3"
"ALIANZA FRENTE DE IZQUIERDA Y DE LOS TRABAJADORES","503","2U - UNIDAD","LA RIOJA","DIPUTADO NACIONAL SUPLENTE","TORRES, FABIAN NICOLAS","1"
"ALIANZA FRENTE DE IZQUIERDA Y DE LOS TRABAJADORES","503","2U - UNIDAD","LA RIOJA","DIPUTADO NACIONAL SUPLENTE","PAEZ, LIDIA MARINA","2"
"ALIANZA FRENTE DE IZQUIERDA Y DE LOS TRABAJADORES","503","2U - UNIDAD","LA RIOJA","DIPUTADO NACIONAL SUPLENTE","PAREDES, MARIA FILOMENA","3"
"ALIANZA FRENTE DE IZQUIERDA Y DE LOS TRABAJADORES","503","2U - UNIDAD","LA RIOJA","PARLAMENTARIO MERCOSUR DISTRITO REGIONAL TITULAR","IÑIGO, DANIEL HORACIO","1"
"ALIANZA FRENTE DE IZQUIERDA Y DE LOS TRABAJADORES","503","2U - UNIDAD","LA RIOJA","PARLAMENTARIO MERCOSUR DISTRITO REGIONAL SUPLENTE","SANCHEZ, MARCELO RICARDO","1"
"ALIANZA FRENTE DE IZQUIERDA Y DE LOS TRABAJADORES","503","2U - UNIDAD","LA RIOJA","PARLAMENTARIO MERCOSUR DISTRITO REGIONAL SUPLENTE","ARGAÑARAZ NIEVAS, AYLEN ALMENDRA","2"
"ES POSIBLE","63","1 - ES POSIBLE","LA RIOJA","DIPUTADO NACIONAL TITULAR","SANTANDER, CARLOS ALBERTO","1"
"ES POSIBLE","63","1 - ES POSIBLE","LA RIOJA","DIPUTADO NACIONAL TITULAR","CEJAS, GRISELDA NOEMI","2"
"ES POSIBLE","63","1 - ES POSIBLE","LA RIOJA","DIPUTADO NACIONAL TITULAR","VERA, VICTOR UBALDO","3"
"ES POSIBLE","63","1 - ES POSIBLE","LA RIOJA","DIPUTADO NACIONAL SUPLENTE","ORO, JOSE ANTONIO","1"
"ES POSIBLE","63","1 - ES POSIBLE","LA RIOJA","DIPUTADO NACIONAL SUPLENTE","BRAVO, SILVINA PATRICIA","2"
"ES POSIBLE","63","1 - ES POSIBLE","LA RIOJA","DIPUTADO NACIONAL SUPLENTE","SALOM, ELSA LEONOR","3"
"ES POSIBLE","63","1 - ES POSIBLE","LA RIOJA","PARLAMENTARIO MERCOSUR DISTRITO REGIONAL TITULAR","COVIAN, EUGENIO JOSE","1"
"ES POSIBLE","63","1 - ES POSIBLE","LA RIOJA","PARLAMENTARIO MERCOSUR DISTRITO REGIONAL SUPLENTE","AGÜERO, LORENA PAOLA","1"
"ES POSIBLE","63","1 - ES POSIBLE","LA RIOJA","PARLAMENTARIO MERCOSUR DISTRITO REGIONAL SUPLENTE","RIVEROS, LILIANA BEATRIZ","2"
"NUEVA IZQUIERDA","68","UNIDAD","LA RIOJA","DIPUTADO NACIONAL TITULAR","ACOSTA, LEONEL IGNACIO","1"
"NUEVA IZQUIERDA","68","UNIDAD","LA RIOJA","DIPUTADO NACIONAL TITULAR","DICHIARA, LUCILA GISELLA","2"
"NUEVA IZQUIERDA","68","UNIDAD","LA RIOJA","DIPUTADO NACIONAL TITULAR","VEDIA, ANASTASIO DOMINGO","3"
"NUEVA IZQUIERDA","68","UNIDAD","LA RIOJA","DIPUTADO NACIONAL SUPLENTE","LUGOS, ROMINA EMILSE","1"
"NUEVA IZQUIERDA","68","UNIDAD","LA RIOJA","DIPUTADO NACIONAL SUPLENTE","LOZANO, HERNAN RUBEN","2"
"NUEVA IZQUIERDA","68","UNIDAD","LA RIOJA","DIPUTADO NACIONAL SUPLENTE","CARRIZO, YANINA ELIZABETH","3"
"NUEVA IZQUIERDA","68","UNIDAD","LA RIOJA","PARLAMENTARIO MERCOSUR DISTRITO REGIONAL TITULAR","QUIROGA, CRISTIAN DAMIAN","1"
"NUEVA IZQUIERDA","68","UNIDAD","LA RIOJA","PARLAMENTARIO MERCOSUR DISTRITO REGIONAL SUPLENTE","ABALLAY, NICOLAS FRANCISCO","1"
"NUEVA IZQUIERDA","68","UNIDAD","LA RIOJA","PARLAMENTARIO MERCOSUR DISTRITO REGIONAL SUPLENTE","FERNANDEZ, GLADYS PAOLA","2"
"MOVIMIENTO SOCIALISTA DE LOS TRABAJADORES","38","1 - UNIDAD","MENDOZA","DIPUTADO NACIONAL TITULAR","UCEDA, GERARDO","1"
"MOVIMIENTO SOCIALISTA DE LOS TRABAJADORES","38","1 - UNIDAD","MENDOZA","DIPUTADO NACIONAL TITULAR","RIOS, ANA MARIA","2"
"MOVIMIENTO SOCIALISTA DE LOS TRABAJADORES","38","1 - UNIDAD","MENDOZA","DIPUTADO NACIONAL TITULAR","SCANIO, ANDRES DANTE","3"
"MOVIMIENTO SOCIALISTA DE LOS TRABAJADORES","38","1 - UNIDAD","MENDOZA","DIPUTADO NACIONAL TITULAR","PEREIRA, GABRIEL CEFERINO","4"
"MOVIMIENTO SOCIALISTA DE LOS TRABAJADORES","38","1 - UNIDAD","MENDOZA","DIPUTADO NACIONAL TITULAR","VERNAZZI, MARIA LAURA","5"
"MOVIMIENTO SOCIALISTA DE LOS TRABAJADORES","38","1 - UNIDAD","MENDOZA","DIPUTADO NACIONAL SUPLENTE","BIGNANTE, JULIETA ELINA","1"
"MOVIMIENTO SOCIALISTA DE LOS TRABAJADORES","38","1 - UNIDAD","MENDOZA","DIPUTADO NACIONAL SUPLENTE","LENTZ, WALTER SEBASTIAN JESUS","2"
"MOVIMIENTO SOCIALISTA DE LOS TRABAJADORES","38","1 - UNIDAD","MENDOZA","DIPUTADO NACIONAL SUPLENTE","SOSA, JUAN RAFAEL","3"
"MOVIMIENTO SOCIALISTA DE LOS TRABAJADORES","38","1 - UNIDAD","MENDOZA","PARLAMENTARIO MERCOSUR DISTRITO REGIONAL TITULAR","FERNANDEZ, NICOLAS FABIAN","1"
"MOVIMIENTO SOCIALISTA DE LOS TRABAJADORES","38","1 - UNIDAD","MENDOZA","PARLAMENTARIO MERCOSUR DISTRITO REGIONAL SUPLENTE","SCANIO, VIVIANA VICTORIA","1"
"MOVIMIENTO SOCIALISTA DE LOS TRABAJADORES","38","1 - UNIDAD","MENDOZA","PARLAMENTARIO MERCOSUR DISTRITO REGIONAL SUPLENTE","RECABARREN, LORENA DEL CARMEN","2"
"MOVIMIENTO SOCIALISTA DE LOS TRABAJADORES","38","1 - UNIDAD","MENDOZA","SENADOR NACIONAL TITULAR","MARIANETTI, MARCIA GISELA","1"
"MOVIMIENTO SOCIALISTA DE LOS TRABAJADORES","38","1 - UNIDAD","MENDOZA","SENADOR NACIONAL TITULAR","LECEA, MARTIN IGNACIO","2"
"MOVIMIENTO SOCIALISTA DE LOS TRABAJADORES","38","1 - UNIDAD","MENDOZA","SENADOR NACIONAL SUPLENTE","CORREA, NELIDA VIRGINIA","1"
"MOVIMIENTO SOCIALISTA DE LOS TRABAJADORES","38","1 - UNIDAD","MENDOZA","SENADOR NACIONAL SUPLENTE","GIL, OSCAR ALFREDO","2"
"ALIANZA FRENTE RENOVADOR FEDERAL DE LA ESPERANZA","501","","MENDOZA","DIPUTADO NACIONAL TITULAR","SICILIA, CARLOS MARCELO","1"
"ALIANZA FRENTE RENOVADOR FEDERAL DE LA ESPERANZA","501","","MENDOZA","DIPUTADO NACIONAL TITULAR","FARINA, MARIA EMILCE","2"
"ALIANZA FRENTE RENOVADOR FEDERAL DE LA ESPERANZA","501","","MENDOZA","DIPUTADO NACIONAL TITULAR","MARTINEZ, LUCAS EZEQUIEL","3"
"ALIANZA FRENTE RENOVADOR FEDERAL DE LA ESPERANZA","501","","MENDOZA","DIPUTADO NACIONAL TITULAR","CASTILLA, MAYRA ALEJANDRA","4"
"ALIANZA FRENTE RENOVADOR FEDERAL DE LA ESPERANZA","501","","MENDOZA","DIPUTADO NACIONAL TITULAR","POLONI, MAXIMILIANO JESUS","5"
"ALIANZA FRENTE RENOVADOR FEDERAL DE LA ESPERANZA","501","","MENDOZA","DIPUTADO NACIONAL SUPLENTE","BIDAUX, RUBEN","1"
"ALIANZA FRENTE RENOVADOR FEDERAL DE LA ESPERANZA","501","","MENDOZA","DIPUTADO NACIONAL SUPLENTE","SOSA, EDITH YOLANDA","2"
"ALIANZA FRENTE RENOVADOR FEDERAL DE LA ESPERANZA","501","","MENDOZA","DIPUTADO NACIONAL SUPLENTE","MAGRI, DANIEL OMAR","3"
"ALIANZA FRENTE RENOVADOR FEDERAL DE LA ESPERANZA","501","","MENDOZA","PARLAMENTARIO MERCOSUR DISTRITO REGIONAL TITULAR","GARBUIO PECHE, OSCAR MARTIN","1"
"ALIANZA FRENTE RENOVADOR FEDERAL DE LA ESPERANZA","501","","MENDOZA","PARLAMENTARIO MERCOSUR DISTRITO REGIONAL SUPLENTE","LACIAR, CLAUDIO LUIS","1"
"ALIANZA FRENTE RENOVADOR FEDERAL DE LA ESPERANZA","501","","MENDOZA","PARLAMENTARIO MERCOSUR DISTRITO REGIONAL SUPLENTE","DIVANNI, ADELA ESTELA","2"
"ALIANZA FRENTE RENOVADOR FEDERAL DE LA ESPERANZA","501","","MENDOZA","SENADOR NACIONAL TITULAR","PUJOL, JORGE DAVID JOSE","1"
"ALIANZA FRENTE RENOVADOR FEDERAL DE LA ESPERANZA","501","","MENDOZA","SENADOR NACIONAL TITULAR","SANCHEZ, MARIA DOLORES","2"
"ALIANZA FRENTE RENOVADOR FEDERAL DE LA ESPERANZA","501","","MENDOZA","SENADOR NACIONAL SUPLENTE","PONCE, RAFAELA TOMAZA","1"
"ALIANZA FRENTE RENOVADOR FEDERAL DE LA ESPERANZA","501","","MENDOZA","SENADOR NACIONAL SUPLENTE","POBLETE, IVANA LOURDES","2"
"ALIANZA PROGRESISTAS","502","A - UNIDAD","MENDOZA","DIPUTADO NACIONAL TITULAR","MELCHOR, SEBASTIAN JULIO ALEJANDRO","1"
"ALIANZA PROGRESISTAS","502","A - UNIDAD","MENDOZA","DIPUTADO NACIONAL TITULAR","CHICON, MARÍA DE LOS ANGELES","2"
"ALIANZA PROGRESISTAS","502","A - UNIDAD","MENDOZA","DIPUTADO NACIONAL TITULAR","GOMEZ TORRE, RODRIGO ALEJANDRO","3"
"ALIANZA PROGRESISTAS","502","A - UNIDAD","MENDOZA","DIPUTADO NACIONAL TITULAR","BRUNO, GUSTAVO FABIAN","4"
"ALIANZA PROGRESISTAS","502","A - UNIDAD","MENDOZA","DIPUTADO NACIONAL TITULAR","MUÑOZ, VALERIA ELENA","5"
"ALIANZA PROGRESISTAS","502","A - UNIDAD","MENDOZA","DIPUTADO NACIONAL TITULAR","SANTARELLI, GERARDO ENRIQUE","1"
"ALIANZA PROGRESISTAS","502","A - UNIDAD","MENDOZA","DIPUTADO NACIONAL TITULAR","OCHOA, RITA NATALIA","2"
"ALIANZA PROGRESISTAS","502","A - UNIDAD","MENDOZA","DIPUTADO NACIONAL TITULAR","LEDDA, MIGUEL EDGARDO","3"
"ALIANZA PROGRESISTAS","502","A - UNIDAD","MENDOZA","PARLAMENTARIO MERCOSUR DISTRITO REGIONAL TITULAR","RODRIGUEZ MIGUEL, CARLOS OMAR","1"
"ALIANZA PROGRESISTAS","502","A - UNIDAD","MENDOZA","PARLAMENTARIO MERCOSUR DISTRITO REGIONAL SUPLENTE","SANTARELLI, OSCAR JULIO","1"
"ALIANZA PROGRESISTAS","502","A - UNIDAD","MENDOZA","PARLAMENTARIO MERCOSUR DISTRITO REGIONAL SUPLENTE","MOYANO, NANCY ELIZABETH","2"
"ALIANZA PROGRESISTAS","502","A - UNIDAD","MENDOZA","SENADOR NACIONAL TITULAR","ANFUSO, SILVINA LINA","1"
"ALIANZA PROGRESISTAS","502","A - UNIDAD","MENDOZA","SENADOR NACIONAL TITULAR","CARRANZA, LEANDRO DAMIAN","2"
"ALIANZA PROGRESISTAS","502","A - UNIDAD","MENDOZA","SENADOR NACIONAL SUPLENTE","ALVAREZ, MIGUEL ANGEL","1"
"ALIANZA PROGRESISTAS","502","A - UNIDAD","MENDOZA","SENADOR NACIONAL SUPLENTE","QUEVEDO, SONIA EMILCE","2"
"ALIANZA FRENTE DE IZQUIERDA Y DE LOS TRABAJADORES","503","1A - RENOVAR Y FORTALECER EL FRENTE","MENDOZA","DIPUTADO NACIONAL TITULAR","BARBEITO, NOELIA JAEL","1"
"ALIANZA FRENTE DE IZQUIERDA Y DE LOS TRABAJADORES","503","1A - RENOVAR Y FORTALECER EL FRENTE","MENDOZA","DIPUTADO NACIONAL TITULAR","VIDELA, EDGARDO","2"
"ALIANZA FRENTE DE IZQUIERDA Y DE LOS TRABAJADORES","503","1A - RENOVAR Y FORTALECER EL FRENTE","MENDOZA","DIPUTADO NACIONAL TITULAR","BRUCCOLERI, NORA","3"
"ALIANZA FRENTE DE IZQUIERDA Y DE LOS TRABAJADORES","503","1A - RENOVAR Y FORTALECER EL FRENTE","MENDOZA","DIPUTADO NACIONAL TITULAR","GUAJARDO, VANESA VALERIA","4"
"ALIANZA FRENTE DE IZQUIERDA Y DE LOS TRABAJADORES","503","1A - RENOVAR Y FORTALECER EL FRENTE","MENDOZA","DIPUTADO NACIONAL TITULAR","VERA, RUBEN DAVID","5"
"ALIANZA FRENTE DE IZQUIERDA Y DE LOS TRABAJADORES","503","1A - RENOVAR Y FORTALECER EL FRENTE","MENDOZA","DIPUTADO NACIONAL SUPLENTE","BAEZ SOSA, MARIA EVA","1"
"ALIANZA FRENTE DE IZQUIERDA Y DE LOS TRABAJADORES","503","1A - RENOVAR Y FORTALECER EL FRENTE","MENDOZA","DIPUTADO NACIONAL SUPLENTE","RAFFO, PABLO JESUS","2"
"ALIANZA FRENTE DE IZQUIERDA Y DE LOS TRABAJADORES","503","1A - RENOVAR Y FORTALECER EL FRENTE","MENDOZA","DIPUTADO NACIONAL SUPLENTE","RODRIGUEZ ABALO, MAILE","3"
"ALIANZA FRENTE DE IZQUIERDA Y DE LOS TRABAJADORES","503","1A - RENOVAR Y FORTALECER EL FRENTE","MENDOZA","DIPUTADO NACIONAL SUPLENTE","LOPEZ, MAURICIO ANDRES","1"
"ALIANZA FRENTE DE IZQUIERDA Y DE LOS TRABAJADORES","503","1A - RENOVAR Y FORTALECER EL FRENTE","MENDOZA","PARLAMENTARIO MERCOSUR DISTRITO REGIONAL SUPLENTE","CHACON, MARIA EMILCE","1"
"ALIANZA FRENTE DE IZQUIERDA Y DE LOS TRABAJADORES","503","1A - RENOVAR Y FORTALECER EL FRENTE","MENDOZA","PARLAMENTARIO MERCOSUR DISTRITO REGIONAL SUPLENTE","BUSTOS, JESICA YAMILA","2"
"ALIANZA FRENTE DE IZQUIERDA Y DE LOS TRABAJADORES","503","1A - RENOVAR Y FORTALECER EL FRENTE","MENDOZA","SENADOR NACIONAL TITULAR","JIMENEZ BRUCCOLERI, LAUTARO","1"
"ALIANZA FRENTE DE IZQUIERDA Y DE LOS TRABAJADORES","503","1A - RENOVAR Y FORTALECER EL FRENTE","MENDOZA","SENADOR NACIONAL TITULAR","ZAMBRINI, MIRIAM ELIZABETH","2"
"ALIANZA FRENTE DE IZQUIERDA Y DE LOS TRABAJADORES","503","1A - RENOVAR Y FORTALECER EL FRENTE","MENDOZA","SENADOR NACIONAL SUPLENTE","RIOS, MAXIMILIANO JERONIMO","1"
"ALIANZA FRENTE DE IZQUIERDA Y DE LOS TRABAJADORES","503","1A - RENOVAR Y FORTALECER EL FRENTE","MENDOZA","SENADOR NACIONAL SUPLENTE","ESPECHE, LAURA GABRIELA","2"
"ALIANZA FRENTE DE IZQUIERDA Y DE LOS TRABAJADORES","503","2U - UNIDAD","MENDOZA","DIPUTADO NACIONAL TITULAR","TELERA, FEDERICO CESAR","1"
"ALIANZA FRENTE DE IZQUIERDA Y DE LOS TRABAJADORES","503","2U - UNIDAD","MENDOZA","DIPUTADO NACIONAL TITULAR","BUSTOS, VELIA ELSA LEONOR","2"
"ALIANZA FRENTE DE IZQUIERDA Y DE LOS TRABAJADORES","503","2U - UNIDAD","MENDOZA","DIPUTADO NACIONAL TITULAR","RODRIGUEZ, MARTIN ANDRES","3"
"ALIANZA FRENTE DE IZQUIERDA Y DE LOS TRABAJADORES","503","2U - UNIDAD","MENDOZA","DIPUTADO NACIONAL TITULAR","LETTRY, JUAN JOSE","4"
"ALIANZA FRENTE DE IZQUIERDA Y DE LOS TRABAJADORES","503","2U - UNIDAD","MENDOZA","DIPUTADO NACIONAL TITULAR","DEFILIPPI, CAROLINA VIRGINIA","5"
"ALIANZA FRENTE DE IZQUIERDA Y DE LOS TRABAJADORES","503","2U - UNIDAD","MENDOZA","DIPUTADO NACIONAL SUPLENTE","FILIPPIS, JOSE ALFREDO","1"
"ALIANZA FRENTE DE IZQUIERDA Y DE LOS TRABAJADORES","503","2U - UNIDAD","MENDOZA","DIPUTADO NACIONAL SUPLENTE","TAPIA, MARGARITA EUFELINDA","2"
"ALIANZA FRENTE DE IZQUIERDA Y DE LOS TRABAJADORES","503","2U - UNIDAD","MENDOZA","DIPUTADO NACIONAL SUPLENTE","CAPURRO, CARLOS DALMACIO","3"
"ALIANZA FRENTE DE IZQUIERDA Y DE LOS TRABAJADORES","503","2U - UNIDAD","MENDOZA","PARLAMENTARIO MERCOSUR DISTRITO REGIONAL TITULAR","DA VILA, VICTOR HUGO","1"
"ALIANZA FRENTE DE IZQUIERDA Y DE LOS TRABAJADORES","503","2U - UNIDAD","MENDOZA","PARLAMENTARIO MERCOSUR DISTRITO REGIONAL TITULAR","TERRAZA DIEGUEZ, FACUNDO DANIEL","1"
"ALIANZA FRENTE DE IZQUIERDA Y DE LOS TRABAJADORES","503","2U - UNIDAD","MENDOZA","PARLAMENTARIO MERCOSUR DISTRITO REGIONAL TITULAR","LEANZA, ANDREA SOLEDAD","2"
"ALIANZA FRENTE DE IZQUIERDA Y DE LOS TRABAJADORES","503","2U - UNIDAD","MENDOZA","SENADOR NACIONAL TITULAR","BLAS, RAQUEL MARIA","1"
"ALIANZA FRENTE DE IZQUIERDA Y DE LOS TRABAJADORES","503","2U - UNIDAD","MENDOZA","SENADOR NACIONAL TITULAR","SOTO, CARLOS ANASTASIO","2"
"ALIANZA FRENTE DE IZQUIERDA Y DE LOS TRABAJADORES","503","2U - UNIDAD","MENDOZA","SENADOR NACIONAL SUPLENTE","SALDAÑA, ESTELA MABEL","1"
"ALIANZA FRENTE DE IZQUIERDA Y DE LOS TRABAJADORES","503","2U - UNIDAD","MENDOZA","SENADOR NACIONAL SUPLENTE","GAZZO, ROSANA DELIA","2"
"ALIANZA FRENTE PARA LA VICTORIA","504","CELESTE Y BLANCA K NESTOR KIRCHNER","MENDOZA","DIPUTADO NACIONAL TITULAR","MIRANDA, PEDRO RUBEN","1"
"ALIANZA FRENTE PARA LA VICTORIA","504","CELESTE Y BLANCA K NESTOR KIRCHNER","MENDOZA","DIPUTADO NACIONAL TITULAR","CARMONA, GUILLERMO RAMON","2"
"ALIANZA FRENTE PARA LA VICTORIA","504","CELESTE Y BLANCA K NESTOR KIRCHNER","MENDOZA","DIPUTADO NACIONAL TITULAR","ALVAREZ, ZIDANELIA GUADALUPE","3"
"ALIANZA FRENTE PARA LA VICTORIA","504","CELESTE Y BLANCA K NESTOR KIRCHNER","MENDOZA","DIPUTADO NACIONAL TITULAR","DAVILA, SAMIRA ALEJANDRA","4"
"ALIANZA FRENTE PARA LA VICTORIA","504","CELESTE Y BLANCA K NESTOR KIRCHNER","MENDOZA","DIPUTADO NACIONAL TITULAR","SEVILLA, MARTIN MIGUEL","5"
"ALIANZA FRENTE PARA LA VICTORIA","504","CELESTE Y BLANCA K NESTOR KIRCHNER","MENDOZA","DIPUTADO NACIONAL SUPLENTE","ACIAR, CARLOS FABIAN","1"
"ALIANZA FRENTE PARA LA VICTORIA","504","CELESTE Y BLANCA K NESTOR KIRCHNER","MENDOZA","DIPUTADO NACIONAL SUPLENTE","FERNANDEZ BRITE, NATALIA NOEMI","2"
"ALIANZA FRENTE PARA LA VICTORIA","504","CELESTE Y BLANCA K NESTOR KIRCHNER","MENDOZA","DIPUTADO NACIONAL SUPLENTE","GARCIA, FEDERICO JAVIER","3"
"ALIANZA FRENTE PARA LA VICTORIA","504","CELESTE Y BLANCA K NESTOR KIRCHNER","MENDOZA","PARLAMENTARIO MERCOSUR DISTRITO REGIONAL TITULAR","PEREZ, HUMBERTO FRANCISCO","1"
"ALIANZA FRENTE PARA LA VICTORIA","504","CELESTE Y BLANCA K NESTOR KIRCHNER","MENDOZA","PARLAMENTARIO MERCOSUR DISTRITO REGIONAL SUPLENTE","GONZALEZ, FELIX RODOLFO","1"
"ALIANZA FRENTE PARA LA VICTORIA","504","CELESTE Y BLANCA K NESTOR KIRCHNER","MENDOZA","PARLAMENTARIO MERCOSUR DISTRITO REGIONAL SUPLENTE","TORRES, CLAUDIA VERONICA","2"
"ALIANZA FRENTE PARA LA VICTORIA","504","CELESTE Y BLANCA K NESTOR KIRCHNER","MENDOZA","PARLAMENTARIO MERCOSUR DISTRITO REGIONAL SUPLENTE","FERNANDEZ SAGASTI, ANABEL","1"
"ALIANZA FRENTE PARA LA VICTORIA","504","CELESTE Y BLANCA K NESTOR KIRCHNER","MENDOZA","PARLAMENTARIO MERCOSUR DISTRITO REGIONAL SUPLENTE","FELIX, OMAR CHAFI","2"
"ALIANZA FRENTE PARA LA VICTORIA","504","CELESTE Y BLANCA K NESTOR KIRCHNER","MENDOZA","SENADOR NACIONAL SUPLENTE","NAMAN, MARIA ALEJANDRA","1"
"ALIANZA FRENTE PARA LA VICTORIA","504","CELESTE Y BLANCA K NESTOR KIRCHNER","MENDOZA","SENADOR NACIONAL SUPLENTE","HINOJOSA, MARTIN SILVESTRE","2"
"ALIANZA CAMBIEMOS MENDOZA","505","A - UNIDAD","MENDOZA","DIPUTADO NACIONAL TITULAR","BALBO, ELVA SUSANA","1"
"ALIANZA CAMBIEMOS MENDOZA","505","A - UNIDAD","MENDOZA","DIPUTADO NACIONAL TITULAR","VAQUIE, ENRIQUE ANDRES","2"
"ALIANZA CAMBIEMOS MENDOZA","505","A - UNIDAD","MENDOZA","DIPUTADO NACIONAL TITULAR","BORSANI, LUIS GUSTAVO","3"
"ALIANZA CAMBIEMOS MENDOZA","505","A - UNIDAD","MENDOZA","DIPUTADO NACIONAL TITULAR","HUCZAK, STELLA MARIS","4"
"ALIANZA CAMBIEMOS MENDOZA","505","A - UNIDAD","MENDOZA","DIPUTADO NACIONAL TITULAR","BRAGAGNOLO DE MARCHI, SEBASTIAN","5"
"ALIANZA CAMBIEMOS MENDOZA","505","A - UNIDAD","MENDOZA","DIPUTADO NACIONAL SUPLENTE","MAGGIONI, CYNTHIA BARBARA","1"
"ALIANZA CAMBIEMOS MENDOZA","505","A - UNIDAD","MENDOZA","DIPUTADO NACIONAL SUPLENTE","QUINTEROS, PEDRO RICARDO MATIAS","2"
"ALIANZA CAMBIEMOS MENDOZA","505","A - UNIDAD","MENDOZA","DIPUTADO NACIONAL SUPLENTE","LACROUX, CARINA VERONICA","3"
"ALIANZA CAMBIEMOS MENDOZA","505","A - UNIDAD","MENDOZA","PARLAMENTARIO MERCOSUR DISTRITO REGIONAL TITULAR","FIDEL, GABRIEL ALEJANDRO","1"
"ALIANZA CAMBIEMOS MENDOZA","505","A - UNIDAD","MENDOZA","PARLAMENTARIO MERCOSUR DISTRITO REGIONAL SUPLENTE","MAGNAGHI, EMILIO LUIS","1"
"ALIANZA CAMBIEMOS MENDOZA","505","A - UNIDAD","MENDOZA","PARLAMENTARIO MERCOSUR DISTRITO REGIONAL SUPLENTE","MESCHINI, PAOLA LORENA","2"
"ALIANZA CAMBIEMOS MENDOZA","505","A - UNIDAD","MENDOZA","SENADOR NACIONAL TITULAR","COBOS, JULIO CESAR CLETO","1"
"ALIANZA CAMBIEMOS MENDOZA","505","A - UNIDAD","MENDOZA","SENADOR NACIONAL TITULAR","VERASAY, PAMELA FERNANDA","2"
"ALIANZA CAMBIEMOS MENDOZA","505","A - UNIDAD","MENDOZA","SENADOR NACIONAL SUPLENTE","ABED, MARIO ENRIQUE NESTOR","1"
"ALIANZA CAMBIEMOS MENDOZA","505","A - UNIDAD","MENDOZA","SENADOR NACIONAL SUPLENTE","NAJUL, CLAUDIA INES","2"
"ALIANZA CAMBIEMOS MENDOZA","505","B - JUNTOS PODEMOS","MENDOZA","DIPUTADO NACIONAL TITULAR","ARMAGNAGUE, JUAN FERNADO","1"
"ALIANZA CAMBIEMOS MENDOZA","505","B - JUNTOS PODEMOS","MENDOZA","DIPUTADO NACIONAL TITULAR","GOMEZ, SANDRA FABIANA","2"
"ALIANZA CAMBIEMOS MENDOZA","505","B - JUNTOS PODEMOS","MENDOZA","DIPUTADO NACIONAL TITULAR","SEOANE, CLEMENTE SEGUNDO","3"
"ALIANZA CAMBIEMOS MENDOZA","505","B - JUNTOS PODEMOS","MENDOZA","DIPUTADO NACIONAL TITULAR","BAEZ, MARIA CLAUDIA SUSANA","4"
"ALIANZA CAMBIEMOS MENDOZA","505","B - JUNTOS PODEMOS","MENDOZA","DIPUTADO NACIONAL TITULAR","ASIS, EDUARDO FABIO","5"
"ALIANZA CAMBIEMOS MENDOZA","505","B - JUNTOS PODEMOS","MENDOZA","DIPUTADO NACIONAL SUPLENTE","ZENOFF, PABLO NICOLAS","1"
"ALIANZA CAMBIEMOS MENDOZA","505","B - JUNTOS PODEMOS","MENDOZA","DIPUTADO NACIONAL SUPLENTE","PEREZ, LAURA GLADYS","2"
"ALIANZA CAMBIEMOS MENDOZA","505","B - JUNTOS PODEMOS","MENDOZA","DIPUTADO NACIONAL SUPLENTE","SCHMULEVICH, ALBERTO GABRIEL","3"
"ALIANZA CAMBIEMOS MENDOZA","505","B - JUNTOS PODEMOS","MENDOZA","PARLAMENTARIO MERCOSUR DISTRITO REGIONAL TITULAR","MOYANO, CARLOS JAVIER","1"
"ALIANZA CAMBIEMOS MENDOZA","505","B - JUNTOS PODEMOS","MENDOZA","PARLAMENTARIO MERCOSUR DISTRITO REGIONAL SUPLENTE","SANTANDER, NATALIA DANIELA","1"
"ALIANZA CAMBIEMOS MENDOZA","505","B - JUNTOS PODEMOS","MENDOZA","PARLAMENTARIO MERCOSUR DISTRITO REGIONAL SUPLENTE","RUFFA, JOSE EDUARDO","2"
"ALIANZA CAMBIEMOS MENDOZA","505","C - REPUBLICA DE LIBRES E IGUALES","MENDOZA","DIPUTADO NACIONAL TITULAR","GUTIERREZ, GUSTAVO EDUARDO","1"
"ALIANZA CAMBIEMOS MENDOZA","505","C - REPUBLICA DE LIBRES E IGUALES","MENDOZA","DIPUTADO NACIONAL TITULAR","FREIRE, CLAUDIA ISABEL","2"
"ALIANZA CAMBIEMOS MENDOZA","505","C - REPUBLICA DE LIBRES E IGUALES","MENDOZA","DIPUTADO NACIONAL TITULAR","MORAN CROWLEY, CARLOS ALBERTO","3"
"ALIANZA CAMBIEMOS MENDOZA","505","C - REPUBLICA DE LIBRES E IGUALES","MENDOZA","DIPUTADO NACIONAL TITULAR","DIAZ, ESTELA LILIANA","4"
"ALIANZA CAMBIEMOS MENDOZA","505","C - REPUBLICA DE LIBRES E IGUALES","MENDOZA","DIPUTADO NACIONAL TITULAR","ZARAGOZA, ALFREDO RAUL","5"
"ALIANZA CAMBIEMOS MENDOZA","505","C - REPUBLICA DE LIBRES E IGUALES","MENDOZA","DIPUTADO NACIONAL SUPLENTE","MORALES, NILDA MARIA","1"
"ALIANZA CAMBIEMOS MENDOZA","505","C - REPUBLICA DE LIBRES E IGUALES","MENDOZA","DIPUTADO NACIONAL SUPLENTE","CITON, FABRICIO","2"
"ALIANZA CAMBIEMOS MENDOZA","505","C - REPUBLICA DE LIBRES E IGUALES","MENDOZA","DIPUTADO NACIONAL SUPLENTE","TRIPOLI, RAQUEL CATALINA","3"
"ALIANZA CAMBIEMOS MENDOZA","505","C - REPUBLICA DE LIBRES E IGUALES","MENDOZA","DIPUTADO NACIONAL SUPLENTE","GROISMAN, ALICIA SUSANA","1"
"ALIANZA CAMBIEMOS MENDOZA","505","C - REPUBLICA DE LIBRES E IGUALES","MENDOZA","PARLAMENTARIO MERCOSUR DISTRITO REGIONAL SUPLENTE","FIGUEROA, ERICA JORGELINA","1"
"ALIANZA CAMBIEMOS MENDOZA","505","C - REPUBLICA DE LIBRES E IGUALES","MENDOZA","PARLAMENTARIO MERCOSUR DISTRITO REGIONAL SUPLENTE","MOLTO, LUIS FEDERICO","2"
"ES POSIBLE","63","1 - AZUL Y BLANCA","MENDOZA","DIPUTADO NACIONAL TITULAR","GALIOTTI, LUIS JOSE MARIA","1"
"ES POSIBLE","63","1 - AZUL Y BLANCA","MENDOZA","DIPUTADO NACIONAL TITULAR","TORRES, MARIA ALEJANDRA","2"
"ES POSIBLE","63","1 - AZUL Y BLANCA","MENDOZA","DIPUTADO NACIONAL TITULAR","TORO, OSCAR RAMON","3"
"ES POSIBLE","63","1 - AZUL Y BLANCA","MENDOZA","DIPUTADO NACIONAL TITULAR","QUIROGA, GERARDO DANIEL","4"
"ES POSIBLE","63","1 - AZUL Y BLANCA","MENDOZA","DIPUTADO NACIONAL TITULAR","SALMASO ROCA, CRISTINA DEL CARMEN","5"
"ES POSIBLE","63","1 - AZUL Y BLANCA","MENDOZA","DIPUTADO NACIONAL SUPLENTE","TOFFOLI, GABRIELA BEATRIZ","1"
"ES POSIBLE","63","1 - AZUL Y BLANCA","MENDOZA","DIPUTADO NACIONAL SUPLENTE","GARCIA, GUILLERMO HECTOR","2"
"ES POSIBLE","63","1 - AZUL Y BLANCA","MENDOZA","DIPUTADO NACIONAL SUPLENTE","CORTEZ, DANIEL OMAR","3"
"ES POSIBLE","63","1 - AZUL Y BLANCA","MENDOZA","PARLAMENTARIO MERCOSUR DISTRITO REGIONAL TITULAR","QUIROGA, EDUARDO JULIO","1"
"ES POSIBLE","63","1 - AZUL Y BLANCA","MENDOZA","PARLAMENTARIO MERCOSUR DISTRITO REGIONAL SUPLENTE","BENITO, JESICA LOURDES","1"
"ES POSIBLE","63","1 - AZUL Y BLANCA","MENDOZA","PARLAMENTARIO MERCOSUR DISTRITO REGIONAL SUPLENTE","CADUZ, OSCAR ABEL","2"
"ES POSIBLE","63","1 - AZUL Y BLANCA","MENDOZA","SENADOR NACIONAL TITULAR","CADUZ, ELIAS OSCAR","1"
"ES POSIBLE","63","1 - AZUL Y BLANCA","MENDOZA","SENADOR NACIONAL TITULAR","RIVERO, BEATRIZ ELIZABETH","2"
"ES POSIBLE","63","1 - AZUL Y BLANCA","MENDOZA","SENADOR NACIONAL SUPLENTE","LEON, JUAN GERMAN","1"
"ES POSIBLE","63","1 - AZUL Y BLANCA","MENDOZA","SENADOR NACIONAL SUPLENTE","ROLLAND, ANTONIA GRACIELA","2"
"NUEVO OCTUBRE","165","10 - AZUL Y BLANCA","MISIONES","DIPUTADO NACIONAL TITULAR","DALMAU, HECTOR LUIS RODOLFO","1"
"NUEVO OCTUBRE","165","10 - AZUL Y BLANCA","MISIONES","DIPUTADO NACIONAL TITULAR","OJEDA, MARISA LEONARDA","2"
"NUEVO OCTUBRE","165","10 - AZUL Y BLANCA","MISIONES","DIPUTADO NACIONAL TITULAR","SILVEIRA DE ANDRADE, CARLOS ALBERTO","3"
"NUEVO OCTUBRE","165","10 - AZUL Y BLANCA","MISIONES","DIPUTADO NACIONAL TITULAR","RYCHLUK, GLORIA MARIA E","4"
"NUEVO OCTUBRE","165","10 - AZUL Y BLANCA","MISIONES","DIPUTADO NACIONAL SUPLENTE","FIGUEREDO, JUAN ALBERTO","1"
"NUEVO OCTUBRE","165","10 - AZUL Y BLANCA","MISIONES","DIPUTADO NACIONAL SUPLENTE","CONTAVALLE, CLAUDIA BEATRIZ","2"
"NUEVO OCTUBRE","165","10 - AZUL Y BLANCA","MISIONES","DIPUTADO NACIONAL SUPLENTE","GRUBERT, SERGIO RAMON","3"
"NUEVO OCTUBRE","165","10 - AZUL Y BLANCA","MISIONES","PARLAMENTARIO MERCOSUR DISTRITO REGIONAL TITULAR","PEREZ, RAUL JOSE","1"
"NUEVO OCTUBRE","165","10 - AZUL Y BLANCA","MISIONES","PARLAMENTARIO MERCOSUR DISTRITO REGIONAL SUPLENTE","ORFILA, JUAN MIGUEL","1"
"NUEVO OCTUBRE","165","10 - AZUL Y BLANCA","MISIONES","PARLAMENTARIO MERCOSUR DISTRITO REGIONAL SUPLENTE","DEPOTATO, CLAUDIA ANDREA","2"
"PROYECTO POPULAR","169","K - PROYECTO AGRARIO Y SOCIAL P.A.Y.S.","MISIONES","DIPUTADO NACIONAL TITULAR","BARBARO, HECTOR ORLANDO","1"
"PROYECTO POPULAR","169","K - PROYECTO AGRARIO Y SOCIAL P.A.Y.S.","MISIONES","DIPUTADO NACIONAL TITULAR","MARTINEZ, SILVANA NOEMI","2"
"PROYECTO POPULAR","169","K - PROYECTO AGRARIO Y SOCIAL P.A.Y.S.","MISIONES","DIPUTADO NACIONAL TITULAR","SERVIAN, JULIO RAMON","3"
"PROYECTO POPULAR","169","K - PROYECTO AGRARIO Y SOCIAL P.A.Y.S.","MISIONES","DIPUTADO NACIONAL TITULAR","DORETTO, MIRIAM FABIANA","4"
"PROYECTO POPULAR","169","K - PROYECTO AGRARIO Y SOCIAL P.A.Y.S.","MISIONES","DIPUTADO NACIONAL SUPLENTE","PALLOTTINI, MARTA BEATRIZ","1"
"PROYECTO POPULAR","169","K - PROYECTO AGRARIO Y SOCIAL P.A.Y.S.","MISIONES","DIPUTADO NACIONAL SUPLENTE","DA SILVA SOUZA, PAOLA ROSIO","2"
"PROYECTO POPULAR","169","K - PROYECTO AGRARIO Y SOCIAL P.A.Y.S.","MISIONES","DIPUTADO NACIONAL SUPLENTE","KUSIK, EMILIO ROSARIO","3"
"PROYECTO POPULAR","169","K - PROYECTO AGRARIO Y SOCIAL P.A.Y.S.","MISIONES","DIPUTADO NACIONAL SUPLENTE","LENGUAZA, PABLO ISAAC","1"
"PROYECTO POPULAR","169","K - PROYECTO AGRARIO Y SOCIAL P.A.Y.S.","MISIONES","PARLAMENTARIO MERCOSUR DISTRITO REGIONAL SUPLENTE","EBENAU, LAURA ANDREA","1"
"PROYECTO POPULAR","169","K - PROYECTO AGRARIO Y SOCIAL P.A.Y.S.","MISIONES","PARLAMENTARIO MERCOSUR DISTRITO REGIONAL SUPLENTE","CANTEROS, PEDRO BARTOLOME","2"
"UNION CIVICA RADICAL","3","3A - POR MISIONES","MISIONES","DIPUTADO NACIONAL TITULAR","DAMIANI, HERNAN NORBERTO LUIS","1"
"UNION CIVICA RADICAL","3","3A - POR MISIONES","MISIONES","DIPUTADO NACIONAL TITULAR","CARDOZO, CYNTHIA MARCELA","2"
"UNION CIVICA RADICAL","3","3A - POR MISIONES","MISIONES","DIPUTADO NACIONAL TITULAR","ALVAREZ, HORACIO JOSE MARIA","3"
"UNION CIVICA RADICAL","3","3A - POR MISIONES","MISIONES","DIPUTADO NACIONAL TITULAR","MELGAREJO GONZALEZ, OSCAR LUIS","4"
"UNION CIVICA RADICAL","3","3A - POR MISIONES","MISIONES","DIPUTADO NACIONAL SUPLENTE","AQUINO, MARIA MAGDALENA","1"
"UNION CIVICA RADICAL","3","3A - POR MISIONES","MISIONES","DIPUTADO NACIONAL SUPLENTE","OSTAFCHUK, ELIAS FERNANDO","2"
"UNION CIVICA RADICAL","3","3A - POR MISIONES","MISIONES","DIPUTADO NACIONAL SUPLENTE","SILVA, JUAN CARLOS","3"
"UNION CIVICA RADICAL","3","3A - POR MISIONES","MISIONES","PARLAMENTARIO MERCOSUR DISTRITO REGIONAL TITULAR","SPALLANZANI, ERNESTO HORACIO","1"
"UNION CIVICA RADICAL","3","3A - POR MISIONES","MISIONES","PARLAMENTARIO MERCOSUR DISTRITO REGIONAL SUPLENTE","REIS, HUGO","1"
"UNION CIVICA RADICAL","3","3A - POR MISIONES","MISIONES","PARLAMENTARIO MERCOSUR DISTRITO REGIONAL SUPLENTE","SANTIAGO, MARIA ELENA","2"
"UNION CIVICA RADICAL","3","3B - FUERZA Y FUTURO","MISIONES","DIPUTADO NACIONAL TITULAR","MENENDEZ, HUGO EDUARDO","1"
"UNION CIVICA RADICAL","3","3B - FUERZA Y FUTURO","MISIONES","DIPUTADO NACIONAL TITULAR","GONZALEZ, LORENA SOLANGE","2"
"UNION CIVICA RADICAL","3","3B - FUERZA Y FUTURO","MISIONES","DIPUTADO NACIONAL TITULAR","IGOA, JOSE ALEM","3"
"UNION CIVICA RADICAL","3","3B - FUERZA Y FUTURO","MISIONES","DIPUTADO NACIONAL TITULAR","NERENBERG, MIRIAM NOEMI","4"
"UNION CIVICA RADICAL","3","3B - FUERZA Y FUTURO","MISIONES","DIPUTADO NACIONAL SUPLENTE","VETTER, JUAN FRANCISCO","1"
"UNION CIVICA RADICAL","3","3B - FUERZA Y FUTURO","MISIONES","DIPUTADO NACIONAL SUPLENTE","CABAÑA, SABRINA MABEL","2"
"UNION CIVICA RADICAL","3","3B - FUERZA Y FUTURO","MISIONES","DIPUTADO NACIONAL SUPLENTE","FARIÑA FILIZZOLA, OSCAR ARIEL","3"
"UNION CIVICA RADICAL","3","3B - FUERZA Y FUTURO","MISIONES","PARLAMENTARIO MERCOSUR DISTRITO REGIONAL TITULAR","TREVISAN, CARLOS ALBERTO","1"
"UNION CIVICA RADICAL","3","3B - FUERZA Y FUTURO","MISIONES","PARLAMENTARIO MERCOSUR DISTRITO REGIONAL SUPLENTE","ROY, MARIA CRISTINA MAFALDA","1"
"UNION CIVICA RADICAL","3","3B - FUERZA Y FUTURO","MISIONES","PARLAMENTARIO MERCOSUR DISTRITO REGIONAL SUPLENTE","MATTOS, CARLOS RUBEN","2"
"UNION CIVICA RADICAL","3","3C - LEGISLAR POR LA VIDA","MISIONES","DIPUTADO NACIONAL TITULAR","HUSULAK, ANTONIA IRENE","1"
"UNION CIVICA RADICAL","3","3C - LEGISLAR POR LA VIDA","MISIONES","DIPUTADO NACIONAL TITULAR","BALANDA, SERGIO","2"
"UNION CIVICA RADICAL","3","3C - LEGISLAR POR LA VIDA","MISIONES","DIPUTADO NACIONAL TITULAR","TAÑSKI, ELSA INES","3"
"UNION CIVICA RADICAL","3","3C - LEGISLAR POR LA VIDA","MISIONES","DIPUTADO NACIONAL TITULAR","MARQUEZ, MARTIN EZEQUIEL","4"
"UNION CIVICA RADICAL","3","3C - LEGISLAR POR LA VIDA","MISIONES","DIPUTADO NACIONAL SUPLENTE","MANTULAK, MIRTA ELISA","1"
"UNION CIVICA RADICAL","3","3C - LEGISLAR POR LA VIDA","MISIONES","DIPUTADO NACIONAL SUPLENTE","LOPEZ, ERNESTO JAVIER","2"
"UNION CIVICA RADICAL","3","3C - LEGISLAR POR LA VIDA","MISIONES","DIPUTADO NACIONAL SUPLENTE","NANNI, ADELA ROSA","3"
"UNION CIVICA RADICAL","3","3C - LEGISLAR POR LA VIDA","MISIONES","PARLAMENTARIO MERCOSUR DISTRITO REGIONAL TITULAR","BERNIO, JULIO CESAR","1"
"UNION CIVICA RADICAL","3","3C - LEGISLAR POR LA VIDA","MISIONES","PARLAMENTARIO MERCOSUR DISTRITO REGIONAL SUPLENTE","QUINTANA CRESPO, SUSANA","1"
"UNION CIVICA RADICAL","3","3C - LEGISLAR POR LA VIDA","MISIONES","PARLAMENTARIO MERCOSUR DISTRITO REGIONAL SUPLENTE","DA SILVA, SILVIA ADELINA","2"
"UNION CIVICA RADICAL","3","NR - NUEVO RADICALISMO","MISIONES","DIPUTADO NACIONAL TITULAR","MELA, PAULINO JAVIER","1"
"UNION CIVICA RADICAL","3","NR - NUEVO RADICALISMO","MISIONES","DIPUTADO NACIONAL TITULAR","ROTTOLI, BLANCA DEL CARMEN","2"
"UNION CIVICA RADICAL","3","NR - NUEVO RADICALISMO","MISIONES","DIPUTADO NACIONAL TITULAR","CANALE, JULIO CESAR RAMIRO","3"
"UNION CIVICA RADICAL","3","NR - NUEVO RADICALISMO","MISIONES","DIPUTADO NACIONAL TITULAR","BAEZ, LEOPOLDO ALBERTO","4"
"UNION CIVICA RADICAL","3","NR - NUEVO RADICALISMO","MISIONES","DIPUTADO NACIONAL TITULAR","OVIEDO, RAMON ANTONIO","1"
"UNION CIVICA RADICAL","3","NR - NUEVO RADICALISMO","MISIONES","DIPUTADO NACIONAL TITULAR","CHEMES, ANALIA BEATRIZ","2"
"UNION CIVICA RADICAL","3","NR - NUEVO RADICALISMO","MISIONES","DIPUTADO NACIONAL TITULAR","OSORIO, SANTIAGO RAMON","3"
"UNION CIVICA RADICAL","3","NR - NUEVO RADICALISMO","MISIONES","PARLAMENTARIO MERCOSUR DISTRITO REGIONAL TITULAR","MARTINEZ DUARTE, WILFRIDO","1"
"UNION CIVICA RADICAL","3","NR - NUEVO RADICALISMO","MISIONES","PARLAMENTARIO MERCOSUR DISTRITO REGIONAL SUPLENTE","ESCALADA, LETICIA MABEL","1"
"UNION CIVICA RADICAL","3","NR - NUEVO RADICALISMO","MISIONES","PARLAMENTARIO MERCOSUR DISTRITO REGIONAL SUPLENTE","CRESPIN, ALBERTO ARTURO","2"
"SOCIALISTA","50","PROGRESISTAS","MISIONES","DIPUTADO NACIONAL TITULAR","CARISIMO, NORMA MERCEDES","1"
"SOCIALISTA","50","PROGRESISTAS","MISIONES","DIPUTADO NACIONAL TITULAR","NERIS, LILIANA GRACIELA","2"
"SOCIALISTA","50","PROGRESISTAS","MISIONES","DIPUTADO NACIONAL TITULAR","FLEITAS, FAUSTINO ANDRES","3"
"SOCIALISTA","50","PROGRESISTAS","MISIONES","DIPUTADO NACIONAL TITULAR","DIAZ, DIEGO ALBERTO","4"
"SOCIALISTA","50","PROGRESISTAS","MISIONES","DIPUTADO NACIONAL SUPLENTE","SANTOS, NESTOR HORACIO","1"
"SOCIALISTA","50","PROGRESISTAS","MISIONES","DIPUTADO NACIONAL SUPLENTE","FLEITAS, JAVIER FAVIAN","2"
"SOCIALISTA","50","PROGRESISTAS","MISIONES","PARLAMENTARIO MERCOSUR DISTRITO REGIONAL TITULAR","FISCHER, MATTHIAS DAMIAN","1"
"SOCIALISTA","50","PROGRESISTAS","MISIONES","PARLAMENTARIO MERCOSUR DISTRITO REGIONAL SUPLENTE","FLORES, MARIA PETRONA","1"
"ALIANZA FRENTE UNIDOS","501","P - UNIDOS POR EL CAMBIO","MISIONES","DIPUTADO NACIONAL TITULAR","PUERTA, FEDERICO RAMON","1"
"ALIANZA FRENTE UNIDOS","501","P - UNIDOS POR EL CAMBIO","MISIONES","DIPUTADO NACIONAL TITULAR","NUSBAUM, PATRICIA VERONICA","2"
"ALIANZA FRENTE UNIDOS","501","P - UNIDOS POR EL CAMBIO","MISIONES","DIPUTADO NACIONAL TITULAR","ARRUA, JOSE DANIEL","3"
"ALIANZA FRENTE UNIDOS","501","P - UNIDOS POR EL CAMBIO","MISIONES","DIPUTADO NACIONAL TITULAR","ROMERO, JUAN MANUEL","4"
"ALIANZA FRENTE UNIDOS","501","P - UNIDOS POR EL CAMBIO","MISIONES","DIPUTADO NACIONAL SUPLENTE","DUHALDE, MIGUEL ANGEL","1"
"ALIANZA FRENTE UNIDOS","501","P - UNIDOS POR EL CAMBIO","MISIONES","DIPUTADO NACIONAL SUPLENTE","AGUIRRE, HILDA","2"
"ALIANZA FRENTE UNIDOS","501","P - UNIDOS POR EL CAMBIO","MISIONES","DIPUTADO NACIONAL SUPLENTE","CAMAÑO, JORGE SERGIO","3"
"ALIANZA FRENTE UNIDOS","501","P - UNIDOS POR EL CAMBIO","MISIONES","PARLAMENTARIO MERCOSUR DISTRITO REGIONAL TITULAR","SOTO, DANIEL JORGE","1"
"ALIANZA FRENTE UNIDOS","501","P - UNIDOS POR EL CAMBIO","MISIONES","PARLAMENTARIO MERCOSUR DISTRITO REGIONAL SUPLENTE","DALMAU, NORMA GLADIS","1"
"ALIANZA FRENTE UNIDOS","501","P - UNIDOS POR EL CAMBIO","MISIONES","PARLAMENTARIO MERCOSUR DISTRITO REGIONAL SUPLENTE","ORTELLADO, CARLOS ALBERTO","2"
"ALIANZA FRENTE PARA LA VICTORIA","502","CELESTE Y BLANCA K NESTOR KIRCHNER","MISIONES","DIPUTADO NACIONAL TITULAR","CLOSS, MAURICE FABIAN","1"
"ALIANZA FRENTE PARA LA VICTORIA","502","CELESTE Y BLANCA K NESTOR KIRCHNER","MISIONES","DIPUTADO NACIONAL TITULAR","BRITEZ, MARIA CRISTINA","2"
"ALIANZA FRENTE PARA LA VICTORIA","502","CELESTE Y BLANCA K NESTOR KIRCHNER","MISIONES","DIPUTADO NACIONAL TITULAR","FRANCO, JORGE DANIEL","3"
"ALIANZA FRENTE PARA LA VICTORIA","502","CELESTE Y BLANCA K NESTOR KIRCHNER","MISIONES","DIPUTADO NACIONAL TITULAR","DI STEFANO, DANIEL","4"
"ALIANZA FRENTE PARA LA VICTORIA","502","CELESTE Y BLANCA K NESTOR KIRCHNER","MISIONES","DIPUTADO NACIONAL SUPLENTE","IRALA, HUGO ALBERTO","1"
"ALIANZA FRENTE PARA LA VICTORIA","502","CELESTE Y BLANCA K NESTOR KIRCHNER","MISIONES","DIPUTADO NACIONAL SUPLENTE","DERNA, VERONICA","2"
"ALIANZA FRENTE PARA LA VICTORIA","502","CELESTE Y BLANCA K NESTOR KIRCHNER","MISIONES","DIPUTADO NACIONAL SUPLENTE","ACUÑA, CRISTIAN ROBERT","3"
"ALIANZA FRENTE PARA LA VICTORIA","502","CELESTE Y BLANCA K NESTOR KIRCHNER","MISIONES","PARLAMENTARIO MERCOSUR DISTRITO REGIONAL TITULAR","BRITTO, CECILIA CATHERINE","1"
"ALIANZA FRENTE PARA LA VICTORIA","502","CELESTE Y BLANCA K NESTOR KIRCHNER","MISIONES","PARLAMENTARIO MERCOSUR DISTRITO REGIONAL SUPLENTE","VERGARA, RAUL RODRIGO","1"
"ALIANZA FRENTE PARA LA VICTORIA","502","CELESTE Y BLANCA K NESTOR KIRCHNER","MISIONES","PARLAMENTARIO MERCOSUR DISTRITO REGIONAL SUPLENTE","PRETTO, CARLA FABIOLA","2"
"ALIANZA FRENTE CAMBIEMOS","503","EL CAMINO DEL CAMBIO","MISIONES","DIPUTADO NACIONAL TITULAR","SCHIAVIONI, HUMBERTO LUIS ARTURO","1"
"ALIANZA FRENTE CAMBIEMOS","503","EL CAMINO DEL CAMBIO","MISIONES","DIPUTADO NACIONAL TITULAR","PRATES, ANGELICA GRACIELA HAYDEE","2"
"ALIANZA FRENTE CAMBIEMOS","503","EL CAMINO DEL CAMBIO","MISIONES","DIPUTADO NACIONAL TITULAR","GOERLING LARA, ENRIQUE MARTIN","3"
"ALIANZA FRENTE CAMBIEMOS","503","EL CAMINO DEL CAMBIO","MISIONES","DIPUTADO NACIONAL TITULAR","DOS SANTOS, NORMA ESTHER","4"
"ALIANZA FRENTE CAMBIEMOS","503","EL CAMINO DEL CAMBIO","MISIONES","DIPUTADO NACIONAL SUPLENTE","MUDRY, FERNANDO JAVIER","1"
"ALIANZA FRENTE CAMBIEMOS","503","EL CAMINO DEL CAMBIO","MISIONES","DIPUTADO NACIONAL SUPLENTE","RODRIGUEZ, CARLOS DANIEL","2"
"ALIANZA FRENTE CAMBIEMOS","503","EL CAMINO DEL CAMBIO","MISIONES","DIPUTADO NACIONAL SUPLENTE","CHAVEZ, DARIO","3"
"ALIANZA FRENTE CAMBIEMOS","503","EL CAMINO DEL CAMBIO","MISIONES","PARLAMENTARIO MERCOSUR DISTRITO REGIONAL TITULAR","DE ARRECHEA, ENRIQUE CLAUDIO","1"
"ALIANZA FRENTE CAMBIEMOS","503","EL CAMINO DEL CAMBIO","MISIONES","PARLAMENTARIO MERCOSUR DISTRITO REGIONAL SUPLENTE","NAVARRO de LANARIA, MARIA TERESA","1"
"ALIANZA FRENTE CAMBIEMOS","503","EL CAMINO DEL CAMBIO","MISIONES","PARLAMENTARIO MERCOSUR DISTRITO REGIONAL SUPLENTE","CENTURION, ALEJANDRA ESTELA","2"
"MOVIMIENTO INDEPENDIENTE JUSTICIA Y DIGNIDAD","60","1 - AMARILLO Y NEGRO","MISIONES","DIPUTADO NACIONAL TITULAR","PASIECZINK, PABLINA","1"
"MOVIMIENTO INDEPENDIENTE JUSTICIA Y DIGNIDAD","60","1 - AMARILLO Y NEGRO","MISIONES","DIPUTADO NACIONAL TITULAR","GONZALEZ, NORA ELIZABETH","2"
"MOVIMIENTO INDEPENDIENTE JUSTICIA Y DIGNIDAD","60","1 - AMARILLO Y NEGRO","MISIONES","DIPUTADO NACIONAL TITULAR","TECHEIRA, LUIS","3"
"MOVIMIENTO INDEPENDIENTE JUSTICIA Y DIGNIDAD","60","1 - AMARILLO Y NEGRO","MISIONES","DIPUTADO NACIONAL TITULAR","ZUBCZUK, ROSANA ELISABETH","4"
"MOVIMIENTO INDEPENDIENTE JUSTICIA Y DIGNIDAD","60","1 - AMARILLO Y NEGRO","MISIONES","DIPUTADO NACIONAL SUPLENTE","PASIECZINK, DAVID","1"
"MOVIMIENTO INDEPENDIENTE JUSTICIA Y DIGNIDAD","60","1 - AMARILLO Y NEGRO","MISIONES","DIPUTADO NACIONAL SUPLENTE","TECHEIRA, CESAR ANIBAL","2"
"MOVIMIENTO INDEPENDIENTE JUSTICIA Y DIGNIDAD","60","1 - AMARILLO Y NEGRO","MISIONES","DIPUTADO NACIONAL SUPLENTE","PERALTA, OSCAR ENRIQUE","3"
"MOVIMIENTO INDEPENDIENTE JUSTICIA Y DIGNIDAD","60","1 - AMARILLO Y NEGRO","MISIONES","PARLAMENTARIO MERCOSUR DISTRITO REGIONAL TITULAR","FALICOFF, HECTOR EDGARDO","1"
"MOVIMIENTO INDEPENDIENTE JUSTICIA Y DIGNIDAD","60","1 - AMARILLO Y NEGRO","MISIONES","PARLAMENTARIO MERCOSUR DISTRITO REGIONAL SUPLENTE","OLIVERA, BRIGIDO","1"
"MOVIMIENTO INDEPENDIENTE JUSTICIA Y DIGNIDAD","60","1 - AMARILLO Y NEGRO","MISIONES","PARLAMENTARIO MERCOSUR DISTRITO REGIONAL SUPLENTE","PEREYRA, MARIA ELENA","2"
"DEL OBRERO","71","2U - UNIDAD","MISIONES","DIPUTADO NACIONAL TITULAR","AGUIRRE, OLGA BEATRIZ","1"
"DEL OBRERO","71","2U - UNIDAD","MISIONES","DIPUTADO NACIONAL TITULAR","ZERETZKI, ANIBAL RUBEN","2"
"DEL OBRERO","71","2U - UNIDAD","MISIONES","DIPUTADO NACIONAL TITULAR","LOPEZ GIMENEZ, GABRIELA","3"
"DEL OBRERO","71","2U - UNIDAD","MISIONES","DIPUTADO NACIONAL TITULAR","ALIENDRE, MARIA KARINA","4"
"DEL OBRERO","71","2U - UNIDAD","MISIONES","DIPUTADO NACIONAL SUPLENTE","RODRIGUEZ, JUAN FACUNDO GABRIEL","1"
"DEL OBRERO","71","2U - UNIDAD","MISIONES","DIPUTADO NACIONAL SUPLENTE","AQUINO, ANA RAMONA","2"
"DEL OBRERO","71","2U - UNIDAD","MISIONES","DIPUTADO NACIONAL SUPLENTE","BAEZ, SUSANA NOEMI","3"
"DEL OBRERO","71","2U - UNIDAD","MISIONES","PARLAMENTARIO MERCOSUR DISTRITO REGIONAL TITULAR","COUTOUNE, MARIO EDUARDO","1"
"DEL OBRERO","71","2U - UNIDAD","MISIONES","PARLAMENTARIO MERCOSUR DISTRITO REGIONAL SUPLENTE","ROMERO, JOSEFA RAMONA","1"
"DEL OBRERO","71","2U - UNIDAD","MISIONES","PARLAMENTARIO MERCOSUR DISTRITO REGIONAL SUPLENTE","VIDELA, ELIZABETH BLANCA","2"
"INSTRUMENTO ELECTORAL POR LA UNIDAD POPULAR","72","PROTAGONISMO Y PARTICIPACION","MISIONES","DIPUTADO NACIONAL TITULAR","ROSENFELD, VICTOR ALFREDO","1"
"INSTRUMENTO ELECTORAL POR LA UNIDAD POPULAR","72","PROTAGONISMO Y PARTICIPACION","MISIONES","DIPUTADO NACIONAL TITULAR","SOMARIVA, BLANCA MARIA INES","2"
"INSTRUMENTO ELECTORAL POR LA UNIDAD POPULAR","72","PROTAGONISMO Y PARTICIPACION","MISIONES","DIPUTADO NACIONAL TITULAR","BENITEZ, BENITA FILOMENA","3"
"INSTRUMENTO ELECTORAL POR LA UNIDAD POPULAR","72","PROTAGONISMO Y PARTICIPACION","MISIONES","DIPUTADO NACIONAL TITULAR","GLINIANIUK, MIGUEL PABLO","4"
"INSTRUMENTO ELECTORAL POR LA UNIDAD POPULAR","72","PROTAGONISMO Y PARTICIPACION","MISIONES","DIPUTADO NACIONAL SUPLENTE","MOSQUERA, GABRIEL RUBEN","1"
"INSTRUMENTO ELECTORAL POR LA UNIDAD POPULAR","72","PROTAGONISMO Y PARTICIPACION","MISIONES","DIPUTADO NACIONAL SUPLENTE","DAVALOS, MARIA STEFANI","2"
"INSTRUMENTO ELECTORAL POR LA UNIDAD POPULAR","72","PROTAGONISMO Y PARTICIPACION","MISIONES","DIPUTADO NACIONAL SUPLENTE","SCHMIDT, RUBEN CESAR","3"
"INSTRUMENTO ELECTORAL POR LA UNIDAD POPULAR","72","PROTAGONISMO Y PARTICIPACION","MISIONES","PARLAMENTARIO MERCOSUR DISTRITO REGIONAL TITULAR","GURINA, OLGA MONICA","1"
"INSTRUMENTO ELECTORAL POR LA UNIDAD POPULAR","72","PROTAGONISMO Y PARTICIPACION","MISIONES","PARLAMENTARIO MERCOSUR DISTRITO REGIONAL TITULAR","MARTINEZ, JOSE MARCELO","1"
"INSTRUMENTO ELECTORAL POR LA UNIDAD POPULAR","72","PROTAGONISMO Y PARTICIPACION","MISIONES","PARLAMENTARIO MERCOSUR DISTRITO REGIONAL TITULAR","GONZALEZ, MARCELA VALERIA","2"
"MOVIMIENTO AL SOCIALISMO","13","SoB","NEUQUEN","DIPUTADO NACIONAL TITULAR","RUIZ, LUCAS","1"
"MOVIMIENTO AL SOCIALISMO","13","SoB","NEUQUEN","DIPUTADO NACIONAL TITULAR","CHRISTIANSEN, FERNANDA BELEN","2"
"MOVIMIENTO AL SOCIALISMO","13","SoB","NEUQUEN","DIPUTADO NACIONAL SUPLENTE","GUTIERREZ, DAMIAN","1"
"MOVIMIENTO AL SOCIALISMO","13","SoB","NEUQUEN","DIPUTADO NACIONAL SUPLENTE","TORRES, ANDREA","2"
"MOVIMIENTO AL SOCIALISMO","13","SoB","NEUQUEN","PARLAMENTARIO MERCOSUR DISTRITO REGIONAL TITULAR","URIBE, JUAN","1"
"MOVIMIENTO AL SOCIALISMO","13","SoB","NEUQUEN","PARLAMENTARIO MERCOSUR DISTRITO REGIONAL SUPLENTE","CARABELLI, MARIO","1"
"MOVIMIENTO AL SOCIALISMO","13","SoB","NEUQUEN","PARLAMENTARIO MERCOSUR DISTRITO REGIONAL SUPLENTE","URRUTIA, MARGARITA","2"
"MOVIMIENTO POPULAR NEUQUINO","151","AZUL PRIMERO NEUQUEN","NEUQUEN","DIPUTADO NACIONAL TITULAR","KAISER, RODOLFO 'RODY'","1"
"MOVIMIENTO POPULAR NEUQUINO","151","AZUL PRIMERO NEUQUEN","NEUQUEN","DIPUTADO NACIONAL TITULAR","PESEK, VIVIANA","2"
"MOVIMIENTO POPULAR NEUQUINO","151","AZUL PRIMERO NEUQUEN","NEUQUEN","DIPUTADO NACIONAL SUPLENTE","SANCHEZ, DAVID JESUS","1"
"MOVIMIENTO POPULAR NEUQUINO","151","AZUL PRIMERO NEUQUEN","NEUQUEN","DIPUTADO NACIONAL SUPLENTE","MORTADA, MARISA YASMIN","2"
"MOVIMIENTO POPULAR NEUQUINO","151","AZUL PRIMERO NEUQUEN","NEUQUEN","PARLAMENTARIO MERCOSUR DISTRITO REGIONAL TITULAR","DE OTAÑO, SILVIA NOEMI","1"
"MOVIMIENTO POPULAR NEUQUINO","151","AZUL PRIMERO NEUQUEN","NEUQUEN","PARLAMENTARIO MERCOSUR DISTRITO REGIONAL TITULAR","MENDEZ, ANDRES GABRIEL","1"
"MOVIMIENTO POPULAR NEUQUINO","151","AZUL PRIMERO NEUQUEN","NEUQUEN","PARLAMENTARIO MERCOSUR DISTRITO REGIONAL TITULAR","LI PRETI, ALEJANDRA","2"
"MOVIMIENTO POPULAR NEUQUINO","151","CORRIENTE PROVINCIAL Y POPULAR","NEUQUEN","DIPUTADO NACIONAL TITULAR","ALVEDO TOBARES, JORGE OMAR","1"
"MOVIMIENTO POPULAR NEUQUINO","151","CORRIENTE PROVINCIAL Y POPULAR","NEUQUEN","DIPUTADO NACIONAL TITULAR","MONSALVEZ, SILVIA","2"
"MOVIMIENTO POPULAR NEUQUINO","151","CORRIENTE PROVINCIAL Y POPULAR","NEUQUEN","DIPUTADO NACIONAL SUPLENTE","SALAS, JORGE OMAR 'EL CHINO'","1"
"MOVIMIENTO POPULAR NEUQUINO","151","CORRIENTE PROVINCIAL Y POPULAR","NEUQUEN","DIPUTADO NACIONAL SUPLENTE","RIVERA, FANNY AURORA","2"
"MOVIMIENTO POPULAR NEUQUINO","151","CORRIENTE PROVINCIAL Y POPULAR","NEUQUEN","PARLAMENTARIO MERCOSUR DISTRITO REGIONAL TITULAR","MARTINEZ, LUIS OSCAR","1"
"MOVIMIENTO POPULAR NEUQUINO","151","CORRIENTE PROVINCIAL Y POPULAR","NEUQUEN","PARLAMENTARIO MERCOSUR DISTRITO REGIONAL SUPLENTE","MUÑOZ, MARIA BEATRIZ ISABEL","1"
"MOVIMIENTO POPULAR NEUQUINO","151","CORRIENTE PROVINCIAL Y POPULAR","NEUQUEN","PARLAMENTARIO MERCOSUR DISTRITO REGIONAL SUPLENTE","SEPULVEDA, CEFERINO ANTONIO “CHEFO”","2"
"MOVIMIENTO POPULAR NEUQUINO","151","MILITANCIA POPULAR NEUQUINA","NEUQUEN","DIPUTADO NACIONAL TITULAR","OMAR, LORENZO CARLOS","1"
"MOVIMIENTO POPULAR NEUQUINO","151","MILITANCIA POPULAR NEUQUINA","NEUQUEN","DIPUTADO NACIONAL TITULAR","PETRIS, SUSANA RAQUEL","2"
"MOVIMIENTO POPULAR NEUQUINO","151","MILITANCIA POPULAR NEUQUINA","NEUQUEN","DIPUTADO NACIONAL SUPLENTE","FUENTES, 'LA GATA' CARLOS ERNESTO","1"
"MOVIMIENTO POPULAR NEUQUINO","151","MILITANCIA POPULAR NEUQUINA","NEUQUEN","DIPUTADO NACIONAL SUPLENTE","FUENTES, GLADYS ESTELA","2"
"MOVIMIENTO POPULAR NEUQUINO","151","MILITANCIA POPULAR NEUQUINA","NEUQUEN","PARLAMENTARIO MERCOSUR DISTRITO REGIONAL TITULAR","ESPINOS, ALEJANDRO ALFREDO","1"
"MOVIMIENTO POPULAR NEUQUINO","151","MILITANCIA POPULAR NEUQUINA","NEUQUEN","PARLAMENTARIO MERCOSUR DISTRITO REGIONAL SUPLENTE","MARTINEZ, JOSE ARNOLDO","1"
"MOVIMIENTO POPULAR NEUQUINO","151","MILITANCIA POPULAR NEUQUINA","NEUQUEN","PARLAMENTARIO MERCOSUR DISTRITO REGIONAL SUPLENTE","PASTE, CARLA ZULEMA","2"
"UNION POPULAR","23","UNA NUEVA ARGENTINA FEDERAL","NEUQUEN","DIPUTADO NACIONAL TITULAR","SANCHEZ, CARLOS ENRIQUE","1"
"UNION POPULAR","23","UNA NUEVA ARGENTINA FEDERAL","NEUQUEN","DIPUTADO NACIONAL TITULAR","BOURDIEU, GRACIELA BEATRIZ","2"
"UNION POPULAR","23","UNA NUEVA ARGENTINA FEDERAL","NEUQUEN","DIPUTADO NACIONAL SUPLENTE","HERIBERTO, ALEJANDRA MALENA","1"
"UNION POPULAR","23","UNA NUEVA ARGENTINA FEDERAL","NEUQUEN","DIPUTADO NACIONAL SUPLENTE","SANCHEZ, ALBERTO EDUARDO","2"
"UNION POPULAR","23","UNA NUEVA ARGENTINA FEDERAL","NEUQUEN","PARLAMENTARIO MERCOSUR DISTRITO REGIONAL TITULAR","ROMERO, GABRIEL LUIS 'TOM'","1"
"UNION POPULAR","23","UNA NUEVA ARGENTINA FEDERAL","NEUQUEN","PARLAMENTARIO MERCOSUR DISTRITO REGIONAL SUPLENTE","BARRIONUEVO, OSCAR HORACIO","1"
"UNION POPULAR","23","UNA NUEVA ARGENTINA FEDERAL","NEUQUEN","PARLAMENTARIO MERCOSUR DISTRITO REGIONAL SUPLENTE","MADRAZO, MARIA VERONICA","2"
"ALIANZA FRENTE PARA LA VICTORIA","501","CELESTE Y BLANCA K NESTOR KIRCHNER","NEUQUEN","DIPUTADO NACIONAL TITULAR","CIAMPINI, ALBERTO","1"
"ALIANZA FRENTE PARA LA VICTORIA","501","CELESTE Y BLANCA K NESTOR KIRCHNER","NEUQUEN","DIPUTADO NACIONAL TITULAR","BERTOLDI, TANYA","2"
"ALIANZA FRENTE PARA LA VICTORIA","501","CELESTE Y BLANCA K NESTOR KIRCHNER","NEUQUEN","DIPUTADO NACIONAL SUPLENTE","CANINI, RODOLFO","1"
"ALIANZA FRENTE PARA LA VICTORIA","501","CELESTE Y BLANCA K NESTOR KIRCHNER","NEUQUEN","DIPUTADO NACIONAL SUPLENTE","BARABINI, LORENA","2"
"ALIANZA FRENTE PARA LA VICTORIA","501","CELESTE Y BLANCA K NESTOR KIRCHNER","NEUQUEN","PARLAMENTARIO MERCOSUR DISTRITO REGIONAL TITULAR","RIOSECO, RAMON","1"
"ALIANZA FRENTE PARA LA VICTORIA","501","CELESTE Y BLANCA K NESTOR KIRCHNER","NEUQUEN","PARLAMENTARIO MERCOSUR DISTRITO REGIONAL SUPLENTE","PARRILLI, OSCAR","1"
"ALIANZA FRENTE PARA LA VICTORIA","501","CELESTE Y BLANCA K NESTOR KIRCHNER","NEUQUEN","PARLAMENTARIO MERCOSUR DISTRITO REGIONAL SUPLENTE","DICCIANI, MARIA GABRIELA","2"
"ALIANZA FRENTE DE IZQUIERDA Y DE LOS TRABAJADORES","502","RENOVAR Y FORTALECER EL FRENTE","NEUQUEN","DIPUTADO NACIONAL TITULAR","GODOY, RAUL","1"
"ALIANZA FRENTE DE IZQUIERDA Y DE LOS TRABAJADORES","502","RENOVAR Y FORTALECER EL FRENTE","NEUQUEN","DIPUTADO NACIONAL TITULAR","CARDOSO, MICAELA","2"
"ALIANZA FRENTE DE IZQUIERDA Y DE LOS TRABAJADORES","502","RENOVAR Y FORTALECER EL FRENTE","NEUQUEN","DIPUTADO NACIONAL SUPLENTE","HERNANDEZ, JULIA","1"
"ALIANZA FRENTE DE IZQUIERDA Y DE LOS TRABAJADORES","502","RENOVAR Y FORTALECER EL FRENTE","NEUQUEN","DIPUTADO NACIONAL SUPLENTE","BOBADILLA, ROBERTO","2"
"ALIANZA FRENTE DE IZQUIERDA Y DE LOS TRABAJADORES","502","RENOVAR Y FORTALECER EL FRENTE","NEUQUEN","PARLAMENTARIO MERCOSUR DISTRITO REGIONAL TITULAR","HORMAZABAL, NATALIA","1"
"ALIANZA FRENTE DE IZQUIERDA Y DE LOS TRABAJADORES","502","RENOVAR Y FORTALECER EL FRENTE","NEUQUEN","PARLAMENTARIO MERCOSUR DISTRITO REGIONAL SUPLENTE","PEÑIÑORI, DAMIAN","1"
"ALIANZA FRENTE DE IZQUIERDA Y DE LOS TRABAJADORES","502","RENOVAR Y FORTALECER EL FRENTE","NEUQUEN","PARLAMENTARIO MERCOSUR DISTRITO REGIONAL SUPLENTE","CARBAJAL, PAULA","2"
"ALIANZA FRENTE DE IZQUIERDA Y DE LOS TRABAJADORES","502","UNIDAD","NEUQUEN","DIPUTADO NACIONAL TITULAR","LAGUNAS, ANGELICA NOEMI","1"
"ALIANZA FRENTE DE IZQUIERDA Y DE LOS TRABAJADORES","502","UNIDAD","NEUQUEN","DIPUTADO NACIONAL TITULAR","SUPPICICH, MARIA GABRIELA","2"
"ALIANZA FRENTE DE IZQUIERDA Y DE LOS TRABAJADORES","502","UNIDAD","NEUQUEN","DIPUTADO NACIONAL SUPLENTE","SANCHEZ, JOSE MANUEL","1"
"ALIANZA FRENTE DE IZQUIERDA Y DE LOS TRABAJADORES","502","UNIDAD","NEUQUEN","DIPUTADO NACIONAL SUPLENTE","CIRAOLO, DINA GRISELDA MARILINA","2"
"ALIANZA FRENTE DE IZQUIERDA Y DE LOS TRABAJADORES","502","UNIDAD","NEUQUEN","DIPUTADO NACIONAL SUPLENTE","JURE, PATRICIA NOEMI","1"
"ALIANZA FRENTE DE IZQUIERDA Y DE LOS TRABAJADORES","502","UNIDAD","NEUQUEN","PARLAMENTARIO MERCOSUR DISTRITO REGIONAL SUPLENTE","SANLES, MIRIAM LILIANA","1"
"ALIANZA FRENTE DE IZQUIERDA Y DE LOS TRABAJADORES","502","UNIDAD","NEUQUEN","PARLAMENTARIO MERCOSUR DISTRITO REGIONAL SUPLENTE","PARRA JARA, CESAR ANTONIO","2"
"ALIANZA FRENTE POPULAR","503","PROTAGONISMO Y PARTICIPACION","NEUQUEN","DIPUTADO NACIONAL TITULAR","GARCIA, LAURA EDITH","1"
"ALIANZA FRENTE POPULAR","503","PROTAGONISMO Y PARTICIPACION","NEUQUEN","DIPUTADO NACIONAL TITULAR","DOBRUSIN, RAUL JUAN","2"
"ALIANZA FRENTE POPULAR","503","PROTAGONISMO Y PARTICIPACION","NEUQUEN","DIPUTADO NACIONAL SUPLENTE","RAMOS, JUAN MANUEL","1"
"ALIANZA FRENTE POPULAR","503","PROTAGONISMO Y PARTICIPACION","NEUQUEN","DIPUTADO NACIONAL SUPLENTE","ESCOBAR, MARCELA BEATRIZ","2"
"ALIANZA FRENTE POPULAR","503","PROTAGONISMO Y PARTICIPACION","NEUQUEN","PARLAMENTARIO MERCOSUR DISTRITO REGIONAL TITULAR","IBAÑEZ, GRACIELA CRISTINA","1"
"ALIANZA FRENTE POPULAR","503","PROTAGONISMO Y PARTICIPACION","NEUQUEN","PARLAMENTARIO MERCOSUR DISTRITO REGIONAL SUPLENTE","GARAY, JORGE ALEJANDRO","1"
"ALIANZA FRENTE POPULAR","503","PROTAGONISMO Y PARTICIPACION","NEUQUEN","PARLAMENTARIO MERCOSUR DISTRITO REGIONAL SUPLENTE","MARQUEZ, JOSE LUIS","2"
"ALIANZA CAMBIEMOS","504","FUTURO","NEUQUEN","DIPUTADO NACIONAL TITULAR","LOPEZ KOENIG, LEANDRO GASTON","1"
"ALIANZA CAMBIEMOS","504","FUTURO","NEUQUEN","DIPUTADO NACIONAL TITULAR","CLARO, MARIA ADRIANA","2"
"ALIANZA CAMBIEMOS","504","FUTURO","NEUQUEN","DIPUTADO NACIONAL SUPLENTE","ALVAREZ, JULIO RENE","1"
"ALIANZA CAMBIEMOS","504","FUTURO","NEUQUEN","DIPUTADO NACIONAL SUPLENTE","APEL, GABRIELA VERONICA","2"
"ALIANZA CAMBIEMOS","504","FUTURO","NEUQUEN","DIPUTADO NACIONAL SUPLENTE","GASS, CESAR ANIBAL","1"
"ALIANZA CAMBIEMOS","504","FUTURO","NEUQUEN","PARLAMENTARIO MERCOSUR DISTRITO REGIONAL SUPLENTE","BENITEZ JACCOD, PABLO MARTIN","1"
"ALIANZA CAMBIEMOS","504","FUTURO","NEUQUEN","PARLAMENTARIO MERCOSUR DISTRITO REGIONAL SUPLENTE","BERNABIDE, ANDREA SOLEDAD","2"
"ALIANZA PROGRESISTAS","505","A","NEUQUEN","DIPUTADO NACIONAL TITULAR","NOGUEIRA, SANTIAGO","1"
"ALIANZA PROGRESISTAS","505","A","NEUQUEN","DIPUTADO NACIONAL TITULAR","CABEZA, OLGA","2"
"ALIANZA PROGRESISTAS","505","A","NEUQUEN","DIPUTADO NACIONAL SUPLENTE","LEMUNAO, ABEL","1"
"ALIANZA PROGRESISTAS","505","A","NEUQUEN","DIPUTADO NACIONAL SUPLENTE","GOMEZ, VANESA","2"
"ALIANZA PROGRESISTAS","505","A","NEUQUEN","PARLAMENTARIO MERCOSUR DISTRITO REGIONAL TITULAR","ARIAS, LUCAS","1"
"ALIANZA PROGRESISTAS","505","A","NEUQUEN","PARLAMENTARIO MERCOSUR DISTRITO REGIONAL SUPLENTE","TORTORA, ALEJANDRO","1"
"ALIANZA PROGRESISTAS","505","A","NEUQUEN","PARLAMENTARIO MERCOSUR DISTRITO REGIONAL SUPLENTE","ABALLAY, GLADYS","2"
"NUEVA IZQUIERDA","68","TRICOLOR","NEUQUEN","DIPUTADO NACIONAL TITULAR","CARCIONE, MARTIN","1"
"NUEVA IZQUIERDA","68","TRICOLOR","NEUQUEN","DIPUTADO NACIONAL TITULAR","RAINAO, INGRID","2"
"NUEVA IZQUIERDA","68","TRICOLOR","NEUQUEN","DIPUTADO NACIONAL SUPLENTE","CASTILLO, MARCELO ALFREDO","1"
"NUEVA IZQUIERDA","68","TRICOLOR","NEUQUEN","DIPUTADO NACIONAL SUPLENTE","NIEVA, MAIRA","2"
"NUEVA IZQUIERDA","68","TRICOLOR","NEUQUEN","PARLAMENTARIO MERCOSUR DISTRITO REGIONAL TITULAR","OTTON, PRISCILA","1"
"NUEVA IZQUIERDA","68","TRICOLOR","NEUQUEN","PARLAMENTARIO MERCOSUR DISTRITO REGIONAL TITULAR","RUBILAR, SANDRA","1"
"NUEVA IZQUIERDA","68","TRICOLOR","NEUQUEN","PARLAMENTARIO MERCOSUR DISTRITO REGIONAL TITULAR","CORONADO, MAURICIO","2"
